{
	"format_version": "1.8.0",
	"animations": {
		"walking_backwards": {
			"loop": true,
			"animation_length": 3,
			"bones": {
				"body": {
					"position": {
						"0.0": {
							"vector": [0, -1, 1]
						},
						"0.75": {
							"vector": [0, -0.5, 1],
							"easing": "easeInOutSine"
						},
						"1.5": {
							"vector": [0, -1, 1],
							"easing": "easeInOutSine"
						},
						"2.25": {
							"vector": [0, -0.5, 1],
							"easing": "easeInOutSine"
						},
						"3.0": {
							"vector": [0, -1, 1],
							"easing": "easeInOutSine"
						}
					}
				},
				"torso": {
					"rotation": {
						"0.0": {
							"vector": [-10.23772, 12.3071, -2.20462]
						},
						"1.5": {
							"vector": [-10.23772, -12.3071, 2.20462],
							"easing": "easeInOutSine"
						},
						"3.0": {
							"vector": [-10.23772, 12.3071, -2.20462],
							"easing": "easeInOutSine"
						}
					},
					"position": {
						"vector": [0, 0, 2]
					}
				},
				"head": {
					"position": {
						"vector": [0, 0, 2]
					}
				},
				"leftArm": {
					"rotation": {
						"0.0": {
							"vector": [-53.33402, 5.56812, -11.48098]
						},
						"1.5": {
							"vector": [21.94138, -17.82852, -9.54478],
							"easing": "easeInOutSine"
						},
						"3.0": {
							"vector": [-53.66517, 7.05393, -13.50088],
							"easing": "easeInOutSine"
						}
					},
					"position": {
						"0.0": {
							"vector": [-0.25, 0, 0.25]
						},
						"1.5": {
							"vector": [-0.25, 0, 3.75],
							"easing": "easeInOutSine"
						},
						"3.0": {
							"vector": [-0.25, 0, 0.25],
							"easing": "easeInOutSine"
						}
					}
				},
				"rightArm": {
					"rotation": {
						"0.0": {
							"vector": [21.94138, 17.82852, 9.54478]
						},
						"1.5": {
							"vector": [-53.18969, -11.07038, 10.48464],
							"easing": "easeInOutSine"
						},
						"3.0": {
							"vector": [21.94138, 17.82852, 9.54478],
							"easing": "easeInOutSine"
						}
					},
					"position": {
						"0.0": {
							"vector": [0.25, 0, 3.75]
						},
						"1.5": {
							"vector": [0.25, 0, 0.25],
							"easing": "easeInOutSine"
						},
						"3.0": {
							"vector": [0.25, 0, 3.75],
							"easing": "easeInOutSine"
						}
					}
				},
				"leftLeg": {
					"rotation": {
						"0.0": {
							"vector": [-32.41877, -5.55914, 0.57544]
						},
						"1.0": {
							"vector": [30, 0, 0],
							"easing": "easeInSine"
						},
						"1.5": {
							"vector": [15.24475, -4.17576, -3.71774],
							"easing": "easeOutSine"
						},
						"3.0": {
							"vector": [-32.41877, -5.55914, 0.57544],
							"easing": "easeInOutSine"
						}
					},
					"position": {
						"0.0": {
							"vector": [0, 0, -2]
						},
						"1.0": {
							"vector": [0, 4, -4],
							"easing": "easeInSine"
						},
						"1.5": {
							"vector": [0, 1, 2],
							"easing": "easeOutSine"
						},
						"3.0": {
							"vector": [0, 0, -2],
							"easing": "easeInOutSine"
						}
					}
				},
				"rightLeg": {
					"rotation": {
						"0.0": {
							"vector": [15.24475, 4.17576, 3.71774]
						},
						"1.5": {
							"vector": [-32.41877, 5.55914, -0.57544],
							"easing": "easeInOutSine"
						},
						"2.5": {
							"vector": [30, 0, 0],
							"easing": "easeInSine"
						},
						"3.0": {
							"vector": [15.24475, 4.17576, 3.71774],
							"easing": "easeOutSine"
						}
					},
					"position": {
						"0.0": {
							"vector": [0, 1, 2]
						},
						"1.5": {
							"vector": [0, 0, -2],
							"easing": "easeInOutSine"
						},
						"2.5": {
							"vector": [0, 4, -4],
							"easing": "easeInSine"
						},
						"3.0": {
							"vector": [0, 1, 2],
							"easing": "easeOutSine"
						}
					}
				}
			}
		}
	}
}