{
	"format_version": "1.8.0",
	"animations": {
		"walking_sneak_backwards": {
			"loop": true,
			"animation_length": 5,
			"bones": {
				"body": {
					"position": {
						"0.0": {
							"vector": [0, -4, 4]
						},
						"1.25": {
							"vector": [0, -2.5, 4],
							"easing": "easeInOutSine"
						},
						"2.5": {
							"vector": [0, -4, 4],
							"easing": "easeInOutSine"
						},
						"3.75": {
							"vector": [0, -2.5, 4],
							"easing": "easeInOutSine"
						},
						"5.0": {
							"vector": [0, -4, 4],
							"easing": "easeInOutSine"
						}
					}
				},
				"torso": {
					"rotation": {
						"0.0": {
							"vector": [15.50409, 14.47751, 3.96713]
						},
						"2.5": {
							"vector": [15.50409, -14.47751, -3.96713],
							"easing": "easeInOutSine"
						},
						"5.0": {
							"vector": [15.50409, 14.47751, 3.96713],
							"easing": "easeInOutSine"
						}
					},
					"position": {
						"vector": [0, 0, -4]
					}
				},
				"head": {
					"position": {
						"vector": [0, 0, -3]
					}
				},
				"leftArm": {
					"rotation": {
						"0.0": {
							"vector": [-35.987, 8.74917, -9.302]
						},
						"2.5": {
							"vector": [31.33455, -11.66101, -9.82169],
							"easing": "easeInOutSine"
						},
						"5.0": {
							"vector": [-35.987, 8.74917, -9.302],
							"easing": "easeInOutSine"
						}
					},
					"position": {
						"0.0": {
							"vector": [-0.25, 0, -6]
						},
						"2.5": {
							"vector": [-0.25, 0, 1],
							"easing": "easeInOutSine"
						},
						"5.0": {
							"vector": [-0.25, 0, -6],
							"easing": "easeInOutSine"
						}
					}
				},
				"rightArm": {
					"rotation": {
						"0.0": {
							"vector": [31.33455, 11.66101, 9.82169]
						},
						"2.5": {
							"vector": [-36.34958, -10.76559, 10.79755],
							"easing": "easeInOutSine"
						},
						"5.0": {
							"vector": [31.33455, 11.66101, 9.82169],
							"easing": "easeInOutSine"
						}
					},
					"position": {
						"0.0": {
							"vector": [0.25, 0, 1]
						},
						"2.5": {
							"vector": [0.25, 0, -6],
							"easing": "easeInOutSine"
						},
						"5.0": {
							"vector": [0.25, 0, 1],
							"easing": "easeInOutSine"
						}
					}
				},
				"leftLeg": {
					"rotation": {
						"0.0": {
							"vector": [45.19075, -1.76076, -5.30497]
						},
						"2.5": {
							"vector": [-14.8369, -5.47408, -1.12804],
							"easing": "easeInOutSine"
						},
						"4.25": {
							"vector": [32.5, 0, 0],
							"easing": "easeInSine"
						},
						"5.0": {
							"vector": [45.19075, -1.76076, -5.30497],
							"easing": "easeOutSine"
						}
					},
					"position": {
						"0.0": {
							"vector": [0, 1, 1]
						},
						"2.5": {
							"vector": [0, 3, -4],
							"easing": "easeInOutSine"
						},
						"4.25": {
							"vector": [0, 5, -2],
							"easing": "easeInSine"
						},
						"5.0": {
							"vector": [0, 1, 1],
							"easing": "easeOutSine"
						}
					}
				},
				"rightLeg": {
					"rotation": {
						"0.0": {
							"vector": [-14.8369, 5.47408, 1.12804]
						},
						"1.75": {
							"vector": [32.5, 0, 0],
							"easing": "easeInSine"
						},
						"2.5": {
							"vector": [45.19075, 1.76076, 5.30497],
							"easing": "easeOutSine"
						},
						"5.0": {
							"vector": [-14.8369, 5.47408, 1.12804],
							"easing": "easeInOutSine"
						}
					},
					"position": {
						"0.0": {
							"vector": [0, 3, -4]
						},
						"1.75": {
							"vector": [0, 5, -2],
							"easing": "easeInSine"
						},
						"2.5": {
							"vector": [0, 1, 1],
							"easing": "easeOutSine"
						},
						"5.0": {
							"vector": [0, 3, -4],
							"easing": "easeInOutSine"
						}
					}
				}
			}
		}
	}
}