{
	"format_version": "1.12.0",
	"minecraft:geometry": [
		{
			"description": {
				"identifier": "geometry.cook",
				"texture_width": 128,
				"texture_height": 128,
				"visible_bounds_width": 3,
				"visible_bounds_height": 3.5,
				"visible_bounds_offset": [0, 1.25, 0]
			},
			"bones": [
				{
					"name": "cook",
					"pivot": [0, 0, 0]
				},
				{
					"name": "body",
					"parent": "cook",
					"pivot": [0, 8, 0],
					"cubes": [
						{"origin": [-9, 8, -7], "size": [18, 17, 14], "uv": [0, 0]}
					]
				},
				{
					"name": "head",
					"parent": "body",
					"pivot": [0, 25, -2],
					"cubes": [
						{"origin": [-4, 25, -6], "size": [8, 7, 8], "inflate": 0.01, "uv": [40, 31]}
					]
				},
				{
					"name": "nose",
					"parent": "head",
					"pivot": [0, 27, -6],
					"cubes": [
						{"origin": [-1, 24, -8], "size": [2, 4, 2], "uv": [42, 46]}
					]
				},
				{
					"name": "hat_top",
					"parent": "head",
					"pivot": [0, 32, -2],
					"cubes": [
						{"origin": [-5, 32, -7], "size": [10, 7, 10], "uv": [0, 31]}
					]
				},
				{
					"name": "arm_right",
					"parent": "body",
					"pivot": [-9, 23, 0],
					"cubes": [
						{"origin": [-13, 9, -2], "size": [4, 16, 4], "uv": [18, 62]}
					]
				},
				{
					"name": "bag",
					"parent": "arm_right",
					"pivot": [-11, 9.75, 1.25],
					"rotation": [90, 0, 0],
					"cubes": [
						{"origin": [-15, 3, -2.75], "size": [8, 8, 8], "uv": [96, 10]},
						{"origin": [-14, 11, -1.75], "size": [6, 3, 6], "uv": [104, 0]}
					]
				},
				{
					"name": "arm_left",
					"parent": "body",
					"pivot": [9, 23, 0],
					"cubes": [
						{"origin": [9, 9, -2], "size": [4, 16, 4], "uv": [0, 62]}
					]
				},
				{
					"name": "leg_left",
					"parent": "cook",
					"pivot": [4, 8, 0],
					"cubes": [
						{"origin": [1, 0, -3], "size": [6, 8, 6], "uv": [24, 48]}
					]
				},
				{
					"name": "leg_right",
					"parent": "cook",
					"pivot": [-4, 8, 0],
					"cubes": [
						{"origin": [-7, 0, -3], "size": [6, 8, 6], "uv": [0, 48]}
					]
				}
			]
		}
	]
}