{
	"format_version": "1.12.0",
	"minecraft:geometry": [
		{
			"description": {
				"identifier": "geometry.piglin_gambler",
				"texture_width": 64,
				"texture_height": 64,
				"visible_bounds_width": 3,
				"visible_bounds_height": 3.5,
				"visible_bounds_offset": [0, 1.25, 0]
			},
			"bones": [
				{
					"name": "gold",
					"pivot": [0, 20, -23],
					"cubes": [
						{"origin": [-1, 20, -24], "size": [2, 2, 2], "uv": [56, 0]}
					]
				},
				{
					"name": "piglin",
					"pivot": [0, 24, 0]
				},
				{
					"name": "body",
					"parent": "piglin",
					"pivot": [0, 24, 0],
					"cubes": [
						{"origin": [-4, 10, -3], "size": [8, 14, 6], "inflate": 0.01, "uv": [16, 16]}
					]
				},
				{
					"name": "head",
					"parent": "body",
					"pivot": [0, 24, 0],
					"cubes": [
						{"origin": [-5, 24, -4], "size": [10, 9, 8], "uv": [0, 0]},
						{"origin": [-2, 24, -5], "size": [4, 4, 1], "uv": [31, 1]},
						{"origin": [2, 24, -5], "size": [1, 2, 1], "uv": [2, 4]},
						{"origin": [-3, 24, -5], "size": [1, 2, 1], "uv": [2, 0]}
					]
				},
				{
					"name": "right_ear",
					"parent": "head",
					"pivot": [-4.5, 30, 0],
					"rotation": [0, 0, 35],
					"cubes": [
						{"origin": [-5.5, 25, -2], "size": [1, 5, 4], "uv": [39, 6]}
					]
				},
				{
					"name": "left_ear",
					"parent": "head",
					"pivot": [4.5, 30, 0],
					"rotation": [0, 0, -35],
					"cubes": [
						{"origin": [4.5, 25, -2], "size": [1, 5, 4], "uv": [51, 6]}
					]
				},
				{
					"name": "right_arm",
					"parent": "body",
					"pivot": [-5, 22, 0],
					"cubes": [
						{"origin": [-8, 12, -2], "size": [4, 12, 4], "uv": [48, 16]}
					]
				},
				{
					"name": "left_arm",
					"parent": "body",
					"pivot": [5, 22, 0],
					"cubes": [
						{"origin": [4, 12, -2], "size": [4, 12, 4], "uv": [32, 48]}
					]
				},
				{
					"name": "right_leg",
					"parent": "piglin",
					"pivot": [-2, 12, 0],
					"cubes": [
						{"origin": [-4, 0, -2], "size": [4, 12, 4], "uv": [0, 17]}
					]
				},
				{
					"name": "left_leg",
					"parent": "piglin",
					"pivot": [2, 12, 0],
					"cubes": [
						{"origin": [0, 0, -2], "size": [4, 12, 4], "uv": [16, 48]}
					]
				}
			]
		}
	]
}